{
  "radius": 236.60254037844385,
  "reserves": [
    110.0,
    100.0,
    90.6837107319131
  ],
  "token_names": [
    "USDC",
    "USDT",
    "AGAM"
  ]
}